<?xml version="1.0" encoding="UTF-8"?>
<Configuration status="Debug">
	<Appenders>
		<Console name="Console" target="SYSTEM_ERR">
 			<PatternLayout pattern="%d{HH:mm:ss.SSS} [%t] %-5level %logger{36} - %msg%n" />
 		</Console>
		<File name="MyFile" fileName="all.log" immediateFlush="true" append="false">
			<PatternLayout pattern="%d{yyy-MM-dd HH:mm:ss.SSS} [%t] %-5level %logger{36} - %msg%n"/>
		</File>
	</Appenders>
	<Loggers>
		<Root level="debug">
			<AppenderRef ref="Console" />
			<AppenderRef ref="MyFile"/>
		</Root>
	</Loggers>
</Configuration>